Timestamp,Status
2026-07-10 01:23:14,berhasil
2026-07-10 01:24:16,berhasil
2026-07-10 01:24:26,berhasil
2026-07-10 01:24:30,berhasil
2026-07-10 01:25:17,berhasil
2026-07-10 01:26:19,berhasil
2026-07-10 01:26:23,berhasil
2026-07-10 01:27:28,berhasil
2026-07-10 01:27:42,berhasil
2026-07-10 01:31:01,berhasil
2026-07-10 01:34:05,berhasil
2026-07-10 01:35:10,berhasil
2026-07-10 01:35:38,berhasil
2026-07-10 01:36:38,berhasil
2026-07-10 01:37:04,berhasil
2026-07-10 01:38:12,berhasil
2026-07-10 01:39:14,berhasil
2026-07-10 01:40:15,berhasil
2026-07-10 01:41:18,berhasil
2026-07-10 01:42:26,berhasil
2026-07-10 01:43:29,berhasil
2026-07-10 01:44:30,berhasil
2026-07-10 01:45:33,berhasil
2026-07-10 01:46:35,berhasil
2026-07-10 01:47:36,berhasil
2026-07-10 01:48:38,berhasil
2026-07-10 01:49:40,berhasil
2026-07-10 01:50:42,berhasil
2026-07-10 01:51:44,berhasil
2026-07-10 01:52:46,berhasil
2026-07-10 01:53:47,berhasil
2026-07-10 01:54:50,berhasil
2026-07-10 01:55:52,berhasil
2026-07-10 01:56:53,berhasil
2026-07-10 01:57:56,berhasil
2026-07-10 01:58:58,berhasil
2026-07-10 02:00:00,berhasil
2026-07-10 02:01:02,berhasil
2026-07-10 02:02:04,berhasil
2026-07-10 02:03:07,berhasil
2026-07-10 02:04:09,berhasil
2026-07-10 02:05:11,berhasil
2026-07-10 02:06:19,berhasil
2026-07-10 02:07:22,berhasil
2026-07-10 02:08:24,berhasil
2026-07-10 02:09:26,berhasil
